CCAA,Provincia
Andalucía,Almería
Andalucía,Cádiz
Andalucía,Córdoba
Andalucía,Granada
Andalucía,Huelva
Andalucía,Jaén
Andalucía,Málaga
Andalucía,Sevilla
Aragón,Huesca
Aragón,Teruel
Aragón,Zaragoza
Principado de Asturias,Asturias
Illes Balears,Illes Balears
Canarias,Las Palmas
Canarias,Santa Cruz de Tenerife
Cantabria,Cantabria
Castilla y León,Ávila
Castilla y León,Burgos
Castilla y León,León
Castilla y León,Palencia
Castilla y León,Salamanca
Castilla y León,Segovia
Castilla y León,Soria
Castilla y León,Valladolid
Castilla y León,Zamora
Castilla-La Mancha,Albacete
Castilla-La Mancha,Ciudad Real
Castilla-La Mancha,Cuenca
Castilla-La Mancha,Guadalajara
Castilla-La Mancha,Toledo
Cataluña,Barcelona
Cataluña,Girona
Cataluña,Lleida
Cataluña,Tarragona
Comunitat Valenciana,Alicante
Comunitat Valenciana,Castellón
Comunitat Valenciana,Valencia
Extremadura,Badajoz
Extremadura,Cáceres
Galicia,A Coruna
Galicia,Lugo
Galicia,Ourense
Galicia,Pontevedra
Comunidad de Madrid,Madrid
Región de Murcia,Murcia
Comunidad Foral de Navarra,Navarra
País Vasco,Álava
País Vasco,Bizkaia
País Vasco,Gipuzkoa
La Rioja,La Rioja
Ceuta,Ceuta
Melilla,Melilla
